user_id,Recency,Frequency,Monetary,Recency_scaled,Frequency_scaled,Monetary_scaled
U0001,47,7,38537.93,0.14779874213836477,0.2857142857142857,0.3089752010238331
U0002,5,6,13306.529999999999,0.015723270440251572,0.23809523809523808,0.10588760373151747
U0003,152,6,22905.33,0.4779874213836478,0.23809523809523808,0.18314836725987815
U0004,39,6,28554.960000000003,0.12264150943396226,0.23809523809523808,0.22862225227183092
U0005,100,6,9152.0,0.31446540880503143,0.23809523809523808,0.07244778209740903
U0006,44,1,151.16,0.13836477987421383,0.0,0.0
U0007,52,6,8839.869999999999,0.16352201257861634,0.23809523809523808,0.06993544700134417
U0008,25,11,22925.199999999997,0.07861635220125786,0.47619047619047616,0.18330830093609896
U0009,62,9,20753.059999999998,0.1949685534591195,0.38095238095238093,0.16582474102335013
U0010,8,9,47826.25,0.025157232704402517,0.38095238095238093,0.38373691030996704
U0011,64,4,7608.79,0.20125786163522014,0.14285714285714285,0.060026481217653076
U0012,21,8,26131.2,0.0660377358490566,0.3333333333333333,0.2091134023937733
U0013,67,13,44060.72,0.21069182389937108,0.5714285714285714,0.3534281505807355
U0014,32,11,34818.22,0.10062893081761007,0.47619047619047616,0.2790352465811862
U0015,39,8,22638.72,0.12264150943396226,0.3333333333333333,0.1810024227497002
U0016,10,6,13431.66,0.031446540880503145,0.23809523809523808,0.10689477539259008
U0017,25,6,13105.39,0.07861635220125786,0.23809523809523808,0.10426862740363331
U0018,146,5,13612.69,0.4591194968553459,0.19047619047619047,0.10835188628369515
U0019,34,6,29284.170000000002,0.1069182389937107,0.23809523809523808,0.2344916652580913
U0020,51,5,11473.1,0.16037735849056603,0.19047619047619047,0.09113032139666288
U0021,58,5,75229.35,0.18238993710691823,0.19047619047619047,0.604304525954008
U0022,23,4,29636.010000000002,0.07232704402515723,0.14285714285714285,0.237323626236528
U0023,318,1,1413.48,1.0,0.0,0.010160416616360402
U0024,94,7,9006.759999999998,0.29559748427672955,0.2857142857142857,0.07127874499955729
U0025,50,13,20574.84,0.15723270440251572,0.5714285714285714,0.16439024782878162
U0026,16,7,24816.44,0.050314465408805034,0.2857142857142857,0.19853089609542895
U0027,78,2,2960.1,0.24528301886792453,0.047619047619047616,0.02260916459404857
U0028,46,6,19277.09,0.14465408805031446,0.23809523809523808,0.15394465506000532
U0029,86,9,14773.55,0.27044025157232704,0.38095238095238093,0.11769565112404318
U0030,7,5,6671.83,0.0220125786163522,0.19047619047619047,0.05248488799813263
U0031,161,5,30844.51,0.5062893081761006,0.19047619047619047,0.24705084554769435
U0032,30,4,21615.46,0.09433962264150944,0.14285714285714285,0.172766200629432
U0033,48,5,6713.84,0.1509433962264151,0.19047619047619047,0.052823026585854686
U0034,104,7,50014.25,0.3270440251572327,0.2857142857142857,0.4013481273996088
U0035,64,7,37018.49,0.20125786163522014,0.2857142857142857,0.29674522492936994
U0036,39,8,60545.2,0.12264150943396226,0.3333333333333333,0.48611176844630105
U0037,31,2,27796.53,0.09748427672955975,0.047619047619047616,0.2225176474376001
U0038,38,8,14690.689999999999,0.11949685534591195,0.3333333333333333,0.11702871079129741
U0039,28,11,17779.47,0.0880503144654088,0.47619047619047616,0.14189030819629908
U0040,10,4,3808.21,0.031446540880503145,0.14285714285714285,0.029435603956889544
U0041,48,7,45848.53,0.1509433962264151,0.2857142857142857,0.36781823742947056
U0042,10,9,18662.07,0.031446540880503145,0.38095238095238093,0.14899435764936936
U0043,13,7,5684.08,0.040880503144654086,0.2857142857142857,0.04453448595046644
U0044,97,5,8211.7,0.3050314465408805,0.19047619047619047,0.06487930521011921
U0045,21,9,27865.32,0.0660377358490566,0.38095238095238093,0.22307133830761677
U0046,57,5,34144.3,0.1792452830188679,0.19047619047619047,0.27361086293353937
U0047,11,12,105235.81,0.03459119496855346,0.5238095238095238,0.8458265922938851
U0048,37,7,11506.67,0.11635220125786164,0.2857142857142857,0.09140052640475213
U0049,17,7,55464.92,0.05345911949685535,0.2857142857142857,0.44522058290874844
U0050,28,9,16230.820000000002,0.0880503144654088,0.38095238095238093,0.12942522074388882
U0051,89,9,37594.47,0.279874213836478,0.38095238095238093,0.3013812892891926
U0052,22,9,14968.1,0.06918238993710692,0.38095238095238093,0.11926158452659794
U0053,1,7,11372.27,0.0031446540880503146,0.2857142857142857,0.09031874049211601
U0054,35,6,17000.489999999998,0.11006289308176101,0.23809523809523808,0.13562029636426565
U0055,7,6,51826.810000000005,0.0220125786163522,0.23809523809523808,0.4159374270559164
U0056,45,11,23587.26,0.14150943396226415,0.47619047619047616,0.18863722341615755
U0057,23,5,24182.059999999998,0.07232704402515723,0.19047619047619047,0.19342476999975852
U0058,69,6,19164.4,0.2169811320754717,0.23809523809523808,0.15303761298787016
U0059,8,9,12043.18,0.025157232704402517,0.38095238095238093,0.09571889664276113
U0060,35,6,18882.61,0.11006289308176101,0.23809523809523808,0.15076948462238107
U0061,21,9,10192.279999999999,0.0660377358490566,0.38095238095238093,0.08082099823726849
U0062,209,2,47446.020000000004,0.6572327044025157,0.047619047619047616,0.3806764381554906
U0063,122,9,12452.84,0.3836477987421384,0.38095238095238093,0.09901625093569652
U0064,39,4,26053.68,0.12264150943396226,0.14285714285714285,0.20848944373344924
U0065,21,7,58275.45,0.0660377358490566,0.2857142857142857,0.46784254541649556
U0066,65,4,3835.56,0.20440251572327045,0.14285714285714285,0.029655744170510066
U0067,23,10,124390.16,0.07232704402515723,0.42857142857142855,1.0
U0068,4,8,37284.07,0.012578616352201259,0.3333333333333333,0.298882878967152
U0069,67,5,22381.799999999996,0.21069182389937108,0.19047619047619047,0.17893447307206267
U0070,15,5,12587.599999999999,0.04716981132075472,0.19047619047619047,0.10010093448917005
U0071,4,6,70065.22,0.012578616352201259,0.23809523809523808,0.5627384315714067
U0072,48,6,4975.04,0.1509433962264151,0.23809523809523808,0.03882742134112477
U0073,36,7,32635.33,0.11320754716981132,0.2857142857142857,0.2614651598934312
U0074,1,8,35458.03,0.0031446540880503146,0.3333333333333333,0.28418507875948773
U0075,76,6,47193.03,0.2389937106918239,0.23809523809523808,0.37864012105699496
U0076,52,9,11965.97,0.16352201257861634,0.38095238095238093,0.09509743317315818
U0077,73,10,33629.68,0.22955974842767296,0.42857142857142855,0.26946868535645
U0078,52,3,11231.84,0.16352201257861634,0.09523809523809523,0.08918841909545312
U0079,129,8,21716.38,0.4056603773584906,0.3333333333333333,0.17357850594418822
U0080,52,5,6149.41,0.16352201257861634,0.19047619047619047,0.04827992820289925
U0081,41,5,11130.93,0.1289308176100629,0.19047619047619047,0.08837619427072015
U0082,42,9,11426.43,0.1320754716981132,0.38095238095238093,0.09075467445810093
U0083,33,7,10552.96,0.10377358490566038,0.2857142857142857,0.08372411239626848
U0084,1,8,13224.720000000001,0.0031446540880503146,0.3333333333333333,0.10522911485121421
U0085,232,3,20391.780000000002,0.7295597484276729,0.09523809523809523,0.16291679746295448
U0086,82,8,11713.529999999999,0.2578616352201258,0.3333333333333333,0.09306554302594193
U0087,149,5,24134.46,0.46855345911949686,0.19047619047619047,0.19304163748903322
U0088,42,7,44076.02,0.1320754716981132,0.2857142857142857,0.35355130031632576
U0089,37,10,72479.93,0.11635220125786164,0.42857142857142855,0.5821744379784125
U0090,9,6,9775.73,0.02830188679245283,0.23809523809523808,0.07746818631830585
U0091,88,3,22523.38,0.27672955974842767,0.09523809523809523,0.18007405082140068
U0092,12,6,28311.129999999997,0.03773584905660377,0.23809523809523808,0.22665966403464288
U0093,57,7,13008.689999999999,0.1792452830188679,0.2857142857142857,0.10349028887869348
U0094,45,7,13392.48,0.14150943396226415,0.2857142857142857,0.10657941548145107
U0095,61,14,49471.38,0.1918238993710692,0.6190476190476191,0.3969785655068054
U0096,137,4,1920.81,0.4308176100628931,0.14285714285714285,0.014243916966492002
U0097,145,5,15304.810000000001,0.4559748427672956,0.19047619047619047,0.12197176409983984
U0098,168,5,5956.08,0.5283018867924528,0.19047619047619047,0.046723814583182414
U0099,19,5,4768.7,0.059748427672955975,0.19047619047619047,0.037166590201144566
U0100,105,5,21724.71,0.330188679245283,0.19047619047619047,0.17364555413356514
U0101,140,3,50091.42,0.44025157232704404,0.09523809523809523,0.40196926890911866
U0102,4,2,4419.8,0.012578616352201259,0.047619047619047616,0.03435829328954677
U0103,37,9,82020.79000000001,0.11635220125786164,0.38095238095238093,0.6589688423119955
U0104,26,10,36963.03,0.08176100628930817,0.42857142857142855,0.29629882726036105
U0105,46,7,5480.82,0.14465408805031446,0.2857142857142857,0.042898445737650816
U0106,3,10,7137.22,0.009433962264150943,0.42857142857142855,0.05623081319070502
U0107,21,9,52833.38999999999,0.0660377358490566,0.38095238095238093,0.42403939181738415
U0108,34,6,11938.04,0.1069182389937107,0.23809523809523808,0.0948726245381885
U0109,50,4,16179.69,0.15723270440251572,0.14285714285714285,0.12901367525495216
U0110,36,6,38543.21,0.11320754716981132,0.23809523809523808,0.3090176997561152
U0111,9,8,60869.7,0.02830188679245283,0.3333333333333333,0.4887236697011405
U0112,1,5,3923.76,0.0031446540880503146,0.19047619047619047,0.030365666175677528
U0113,48,4,4045.6,0.1509433962264151,0.14285714285714285,0.031346356619097064
U0114,111,2,14731.16,0.3490566037735849,0.047619047619047616,0.11735445391543718
U0115,53,7,51543.44,0.16666666666666666,0.2857142857142857,0.413656581266752
U0116,23,5,11374.51,0.07232704402515723,0.19047619047619047,0.0903367702573266
U0117,12,8,13689.6,0.03773584905660377,0.3333333333333333,0.10897093505260023
U0118,42,9,62026.81,0.1320754716981132,0.38095238095238093,0.49803725078276545
U0119,175,4,27433.02,0.550314465408805,0.14285714285714285,0.21959175460201708
U0120,40,7,3317.27,0.12578616352201258,0.2857142857142857,0.025484026754883732
U0121,140,4,40868.450000000004,0.44025157232704404,0.14285714285714285,0.3277335619249994
U0122,139,7,31797.19,0.4371069182389937,0.2857142857142857,0.25471896908378205
U0123,67,6,11729.82,0.21069182389937108,0.23809523809523808,0.09319666127383511
U0124,61,4,43515.24,0.1918238993710692,0.14285714285714285,0.3490375807918608
U0125,7,8,101010.19,0.0220125786163522,0.3333333333333333,0.8118145670844099
U0126,21,6,18285.13,0.0660377358490566,0.23809523809523808,0.145960366712546
U0127,79,6,30130.8,0.24842767295597484,0.23809523809523808,0.24130619209748952
U0128,79,8,56004.09,0.24842767295597484,0.3333333333333333,0.449560363492945
U0129,31,7,28588.11,0.09748427672955975,0.2857142857142857,0.22888907669894318
U0130,73,8,17208.79,0.22955974842767296,0.3333333333333333,0.13729690354880514
U0131,109,5,14853.83,0.34276729559748426,0.19047619047619047,0.11834182503078744
U0132,2,9,12034.92,0.006289308176100629,0.38095238095238093,0.09565241188354703
U0133,41,5,61592.31999999999,0.1289308176100629,0.19047619047619047,0.4945400397620714
U0134,19,11,58346.65,0.059748427672955975,0.47619047619047616,0.4684156343821183
U0135,137,5,16244.900000000001,0.4308176100628931,0.19047619047619047,0.12953855069664116
U0136,165,4,38015.26,0.5188679245283019,0.14285714285714285,0.30476822897801814
U0137,20,11,31805.47,0.06289308176100629,0.47619047619047616,0.2547856148230427
U0138,47,12,22995.550000000003,0.14779874213836477,0.5238095238095238,0.18387454824974447
U0139,9,7,12111.41,0.02830188679245283,0.2857142857142857,0.09626808007147514
U0140,11,4,5517.75,0.03459119496855346,0.14285714285714285,0.04319569539355597
U0141,10,10,19273.54,0.031446540880503145,0.42857142857142855,0.15391608110174745
U0142,74,4,19085.22,0.23270440251572327,0.14285714285714285,0.15240029298368468
U0143,24,7,21617.33,0.07547169811320754,0.2857142857142857,0.1727812522637819
U0144,15,9,25227.64,0.04716981132075472,0.38095238095238093,0.20184064585194664
U0145,39,13,26050.65,0.12264150943396226,0.5714285714285714,0.208465055256401
U0146,10,9,66856.09,0.031446540880503145,0.38095238095238093,0.5369081367364514
U0147,111,6,8789.65,0.3490566037735849,0.23809523809523808,0.06953122610452435
U0148,85,5,14953.47,0.2672955974842767,0.19047619047619047,0.11914382762256617
U0149,62,10,91657.3,0.1949685534591195,0.42857142857142855,0.7365331337180756
U0150,3,10,21558.1,0.009433962264150943,0.42857142857142855,0.17230450985600335
U0151,68,6,14138.48,0.2138364779874214,0.23809523809523808,0.11258397121676768
U0152,10,6,36525.3,0.031446540880503145,0.23809523809523808,0.2927755374721303
U0153,19,4,38442.6,0.059748427672955975,0.14285714285714285,0.30820788963208007
U0154,8,9,18106.71,0.025157232704402517,0.38095238095238093,0.1445242637175122
U0155,89,6,28216.010000000002,0.279874213836478,0.23809523809523808,0.22589404293337842
U0156,67,7,47391.530000000006,0.21069182389937108,0.2857142857142857,0.3802378480187381
U0157,108,4,88110.11,0.33962264150943394,0.14285714285714285,0.7079817931567381
U0158,4,5,5906.48,0.012578616352201259,0.19047619047619047,0.04632458406780479
U0159,309,3,2779.86,0.9716981132075472,0.09523809523809523,0.02115841241478119
U0160,3,6,67626.48000000001,0.009433962264150943,0.23809523809523808,0.5431090076385032
U0161,35,6,58814.189999999995,0.11006289308176101,0.23809523809523808,0.4721788649296919
U0162,9,9,30054.3,0.02830188679245283,0.38095238095238093,0.24069044341953813
U0163,35,6,8801.83,0.11006289308176101,0.23809523809523808,0.069629262952857
U0164,5,7,4167.48,0.015723270440251572,0.2857142857142857,0.032327369022609645
U0165,24,10,24861.28,0.07547169811320754,0.42857142857142855,0.19889181335973405
U0166,18,11,28306.510000000002,0.05660377358490566,0.47619047619047616,0.22662247764389606
U0167,9,5,14567.58,0.02830188679245283,0.19047619047619047,0.11603779811492365
U0168,27,8,20320.06,0.08490566037735849,0.3333333333333333,0.16233952301612217
U0169,36,5,40845.45,0.11320754716981132,0.19047619047619047,0.32754843487149765
U0170,119,3,29350.86,0.3742138364779874,0.09523809523809523,0.235028453223223
U0171,43,6,12500.080000000002,0.13522012578616352,0.23809523809523808,0.09939648580558441
U0172,6,8,19265.12,0.018867924528301886,0.3333333333333333,0.15384830850216116
U0173,3,12,71507.06,0.009433962264150943,0.5238095238095238,0.5743438050853596
U0174,21,5,20450.88,0.0660377358490566,0.19047619047619047,0.16339249350043064
U0175,12,9,57173.82,0.03773584905660377,0.38095238095238093,0.45897552298392613
U0176,38,4,7731.9400000000005,0.11949685534591195,0.14285714285714285,0.061017715854119886
U0177,123,5,17344.94,0.3867924528301887,0.19047619047619047,0.13839277521551202
U0178,18,7,45587.77,0.05660377358490566,0.2857142857142857,0.36571937958290063
U0179,32,6,11202.310000000001,0.10062893081761007,0.23809523809523808,0.08895073205676157
U0180,8,13,38831.2,0.025157232704402517,0.5714285714285714,0.3113357319360265
U0181,7,13,102943.02,0.0220125786163522,0.5714285714285714,0.827371920250485
U0182,31,12,55268.37,0.09748427672955975,0.5238095238095238,0.44363855150154136
U0183,3,7,33490.57,0.009433962264150943,0.2857142857142857,0.26834898864285767
U0184,85,6,24977.260000000002,0.2672955974842767,0.23809523809523808,0.19982533664952232
U0185,52,2,4939.91,0.16352201257861634,0.047619047619047616,0.03854465988940671
U0186,12,8,41815.229999999996,0.03773584905660377,0.3333333333333333,0.3353541963473627
U0187,2,6,34139.11,0.006289308176100629,0.23809523809523808,0.27356908861146656
U0188,175,6,48905.54,0.550314465408805,0.23809523809523808,0.3924241180305701
U0189,6,8,31734.25,0.018867924528301886,0.3333333333333333,0.2542123648773735
U0190,175,2,895.66,0.550314465408805,0.047619047619047616,0.005992482231827365
U0191,41,3,26019.83,0.1289308176100629,0.09523809523809523,0.20821698500470867
U0192,41,9,23820.12,0.1289308176100629,0.38095238095238093,0.19051151409782757
U0193,29,5,51588.31,0.09119496855345911,0.19047619047619047,0.4140177400011268
U0194,30,10,29448.579999999998,0.09433962264150944,0.42857142857142855,0.2358150017305355
U0195,124,7,49686.37,0.389937106918239,0.2857142857142857,0.39870902051690693
U0196,8,5,28294.690000000002,0.025157232704402517,0.19047619047619047,0.22652733843640083
U0197,100,5,40630.05,0.31446540880503143,0.19047619047619047,0.32581467977044243
U0198,45,7,17605.11,0.14150943396226415,0.2857142857142857,0.14048688415070953
U0199,4,3,6803.17,0.012578616352201259,0.09523809523809523,0.053542043963650705
U0200,32,5,7955.459999999999,0.10062893081761007,0.19047619047619047,0.06281682885406353
U0201,34,6,66601.87999999999,0.1069182389937107,0.23809523809523808,0.5348619998551178
U0202,231,4,11552.22,0.7264150943396226,0.14285714285714285,0.09176715846070879
U0203,174,6,22136.899999999998,0.5471698113207547,0.23809523809523808,0.1769632724023857
U0204,108,6,42247.42,0.33962264150943394,0.23809523809523808,0.3388328946627065
U0205,1,4,1346.5700000000002,0.0031446540880503146,0.14285714285714285,0.009621857870716925
U0206,50,5,11869.86,0.15723270440251572,0.19047619047619047,0.0943238435595908
U0207,66,5,11786.11,0.20754716981132076,0.19047619047619047,0.09364973961477475
U0208,36,9,53435.020000000004,0.11320754716981132,0.38095238095238093,0.4288819130868729
U0209,9,11,40077.82,0.02830188679245283,0.47619047619047616,0.3213697792158662
U0210,19,10,24794.44,0.059748427672955975,0.42857142857142855,0.1983538180442534
U0211,28,10,21372.02,0.0880503144654088,0.42857142857142855,0.1708067515031512
U0212,210,4,13872.220000000001,0.660377358490566,0.14285714285714285,0.11044084385740388
U0213,150,6,9263.94,0.4716981132075472,0.23809523809523808,0.07334878741779957
U0214,26,11,18127.17,0.08176100628930817,0.47619047619047616,0.14468894630510548
U0215,0,6,24861.0,0.0,0.23809523809523808,0.19888955963908272
U0216,262,3,12844.37,0.8238993710691824,0.09523809523809523,0.10216767681645861
U0217,24,6,18854.079999999998,0.07547169811320754,0.23809523809523808,0.15053984658601566
U0218,25,6,29569.53,0.07861635220125786,0.23809523809523808,0.23678852856188476
U0219,69,3,9835.85,0.2169811320754717,0.09523809523809523,0.07795209233815469
U0220,38,11,24556.03,0.11949685534591195,0.47619047619047616,0.1964348553996732
U0221,10,4,994.36,0.031446540880503145,0.14285714285714285,0.006786918761419522
U0222,0,8,25285.56,0.0,0.3333333333333333,0.20230684406667795
U0223,12,7,41189.22,0.03773584905660377,0.2857142857142857,0.33031544040116223
U0224,48,2,5777.419999999999,0.1509433962264151,0.047619047619047616,0.04528577982759036
U0225,11,6,12411.28,0.03459119496855346,0.23809523809523808,0.09868173439902125
U0226,51,6,26130.77,0.16037735849056603,0.23809523809523808,0.20910994132277305
U0227,4,9,18441.39,0.012578616352201259,0.38095238095238093,0.147218103816032
U0228,29,4,11038.84,0.09119496855345911,0.14285714285714285,0.08763496164650392
U0229,91,7,24694.19,0.2861635220125786,0.2857142857142857,0.1975469055610557
U0230,21,8,61542.22,0.0660377358490566,0.3333333333333333,0.4941367847455308
U0231,4,12,13263.67,0.012578616352201259,0.5238095238095238,0.10554262349181819
U0232,50,8,50425.06,0.15723270440251572,0.3333333333333333,0.40465473804521923
U0233,12,7,21665.31,0.03773584905660377,0.2857142857142857,0.17316744339539114
U0234,37,5,16239.39,0.11635220125786164,0.19047619047619047,0.129494200693824
U0235,182,4,6121.18,0.5723270440251572,0.14285714285714285,0.04805270486723171
U0236,6,10,40964.75,0.018867924528301886,0.42857142857142855,0.32850868084900875
U0237,75,11,29934.91,0.2358490566037736,0.47619047619047616,0.2397294730318177
U0238,2,8,39876.83,0.006289308176100629,0.3333333333333333,0.31975201023833094
U0239,131,9,55768.759999999995,0.4119496855345912,0.38095238095238093,0.44766619177552935
U0240,46,5,56051.51000000001,0.14465408805031446,0.19047619047619047,0.4499420471832517
U0241,44,8,13566.64,0.13836477987421383,0.3333333333333333,0.10798122972657538
U0242,129,8,28877.13,0.4056603773584906,0.3333333333333333,0.23121539935125043
U0243,158,3,5956.110000000001,0.4968553459119497,0.09523809523809523,0.04672405605325221
U0244,8,6,37138.68,0.025157232704402517,0.23809523809523808,0.29771263451895136
U0245,1,5,54449.54,0.0031446540880503146,0.19047619047619047,0.4370477869268104
U0246,54,9,30172.07,0.16981132075471697,0.38095238095238093,0.2416383744234902
U0247,43,6,8154.95,0.13522012578616352,0.23809523809523808,0.06442252432810953
U0248,2,6,3276.8500000000004,0.006289308176100629,0.23809523809523808,0.02515868608086028
U0249,43,6,6357.71,0.13522012578616352,0.23809523809523808,0.04995653538743873
U0250,34,3,7300.68,0.1069182389937107,0.09523809523809523,0.0575465031109394
U0251,53,3,3315.46,0.16666666666666666,0.09523809523809523,0.02546945806067338
U0252,131,4,30450.84,0.4119496855345912,0.14285714285714285,0.2438821948019543
U0253,48,8,59663.44,0.1509433962264151,0.3333333333333333,0.4790144801551848
U0254,186,1,1966.16,0.5849056603773585,0.0,0.014608939221983435
U0255,146,5,5743.47,0.4591194968553459,0.19047619047619047,0.04501251619861719
U0256,85,7,52790.04,0.2672955974842767,0.2857142857142857,0.4236904675665451
U0257,64,6,13031.84,0.20125786163522014,0.23809523809523808,0.10367662328254414
U0258,91,7,67520.44,0.2861635220125786,0.2857142857142857,0.542255491431837
U0259,42,12,43343.29,0.1320754716981132,0.5238095238095238,0.3476535548418773
U0260,8,5,32555.9,0.025157232704402517,0.19047619047619047,0.2608258276386642
U0261,89,2,23525.28,0.279874213836478,0.047619047619047616,0.18813834625198206
U0262,83,4,6267.48,0.2610062893081761,0.14285714285714285,0.04923027390754916
U0263,15,5,83704.54,0.04716981132075472,0.19047619047619047,0.6725213499786701
U0264,41,7,7203.93,0.1289308176100629,0.2857142857142857,0.05676776213588326
U0265,95,6,13424.130000000001,0.29874213836477986,0.23809523809523808,0.1068341664050741
U0266,156,3,1777.1399999999999,0.49056603773584906,0.09523809523809523,0.013087516802292355
U0267,79,8,26215.75,0.24842767295597484,0.3333333333333333,0.20979394554045025
U0268,103,4,6624.4400000000005,0.3238993710691824,0.14285714285714285,0.052103445777895836
U0269,31,4,12863.94,0.09748427672955975,0.14285714285714285,0.10232519579198159
U0270,8,4,42792.619999999995,0.025157232704402517,0.14285714285714285,0.3432212107309298
U0271,93,8,28449.16,0.29245283018867924,0.3333333333333333,0.227770667825723
U0272,300,3,3589.2599999999998,0.9433962264150944,0.09523809523809523,0.027673274897576445
U0273,14,22,104255.03,0.0440251572327044,1.0,0.8379322917924323
U0274,90,5,26060.8,0.2830188679245283,0.19047619047619047,0.20854675263001152
U0275,2,13,26852.76,0.006289308176100629,0.5714285714285714,0.2149212405122385
U0276,30,6,71664.23,0.09433962264150944,0.23809523809523808,0.5756088667809625
U0277,152,5,31185.089999999997,0.4779874213836478,0.19047619047619047,0.24979217475993848
U0278,32,8,19393.93,0.10062893081761007,0.3333333333333333,0.15488510049179405
U0279,26,9,52910.65,0.08176100628930817,0.38095238095238093,0.42466125773710345
U0280,44,8,27469.18,0.13836477987421383,0.3333333333333333,0.2198828065261311
U0281,7,8,17176.77,0.0220125786163522,0.3333333333333333,0.13703917449432143
U0282,134,5,27361.43,0.42138364779874216,0.19047619047619047,0.21901552652548717
U0283,54,10,70468.41,0.16981132075471697,0.42857142857142855,0.5659837088192918
U0284,156,9,18042.97,0.49056603773584906,0.38095238095238093,0.14401122030924268
U0285,97,4,12806.55,0.3050314465408805,0.14285714285714285,0.10186326354848316
U0286,7,10,33602.57,0.0220125786163522,0.42857142857142855,0.26925047690338777
U0287,50,6,72080.0,0.15723270440251572,0.23809523809523808,0.5789554004781107
U0288,2,5,15477.19,0.006289308176100629,0.19047619047619047,0.12335925112082358
U0289,22,9,23199.489999999998,0.06918238993710692,0.38095238095238093,0.18551606178414184
U0290,9,7,11434.33,0.02830188679245283,0.2857142857142857,0.0908182615764776
U0291,34,4,13358.640000000001,0.1069182389937107,0.14285714285714285,0.10630703724273377
U0292,29,6,81246.3,0.09119496855345911,0.23809523809523808,0.6527349705004065
U0293,26,11,51148.08,0.08176100628930817,0.47619047619047616,0.4104743277070807
U0294,26,9,28424.51,0.08176100628930817,0.38095238095238093,0.22757225991838312
U0295,147,3,5507.12,0.46226415094339623,0.09523809523809523,0.04311013449882887
U0296,36,5,7998.870000000001,0.11320754716981132,0.19047619047619047,0.06316623604504222
U0297,183,4,52395.37,0.5754716981132075,0.14285714285714285,0.4205137678184789
U0299,103,4,6644.27,0.3238993710691824,0.14285714285714285,0.05226305749402362
U0300,76,6,7433.74,0.2389937106918239,0.23809523809523808,0.05861750336045847
